[{"name":"theme_info","theme_name":"District","theme_author":"Style Hatch","theme_version":"3.7.1","theme_documentation_url":"https:\/\/help.stylehatch.com\/","theme_support_url":"https:\/\/help.stylehatch.com\/contact"},{"name":"Colors","settings":[{"type":"header","content":"Primary"},{"type":"color","id":"primary_text_color","label":"Text","default":"#4f4f4f"},{"type":"color","id":"primary_title_color","label":"Title","default":"#000000"},{"type":"color","id":"primary_background_color","label":"Background","default":"#ffffff"},{"type":"color","id":"content_box_background_color","label":"Content box background","default":"#f8f8f8"},{"type":"color","id":"primary_accent_color","label":"Accent","default":"#008080"},{"type":"checkbox","id":"primary_dropshadow","label":"Show drop-shadows on boxes","default":false},{"type":"checkbox","id":"homepage_show_borders","label":"Show borders between sections","default":true},{"type":"header","content":"Top bar"},{"type":"color","id":"site_border_color","label":"Background","default":"#e9e9e9"},{"type":"color","id":"site_border_text_color","label":"Text","default":"#505050"},{"type":"header","content":"Site header"},{"type":"color","id":"site_header_title_text_color","label":"Title","default":"#000000"},{"type":"color","id":"site_header_nav_text_color","label":"Navigation","default":"#000000"},{"type":"color","id":"site_header_background_color","label":"Background","default":"#ffffff"},{"type":"color","id":"site_header_accent_color","label":"Accent","default":"#008080"},{"type":"header","content":"Footer"},{"type":"color","id":"footer_background_color","label":"Background","default":"#e9e9e9"},{"type":"color","id":"footer_title_text_color","label":"Text","default":"#606060"},{"type":"color","id":"footer_title_accent_color","label":"Links","default":"#565656"}]},{"name":"Typography","settings":[{"type":"header","content":"Body"},{"type":"font_picker","id":"typography_body_font","label":"Font","default":"open_sans_n4"},{"type":"select","id":"typography_base_size_modify","label":"Base size","default":"1","options":[{"value":"0.8125","label":"13px"},{"value":"0.875","label":"14px"},{"value":"0.9375","label":"15px"},{"value":"1","label":"16px"},{"value":"1.0625","label":"17px"},{"value":"1.125","label":"18px"},{"value":"1.1875","label":"19px"},{"value":"1.25","label":"20px"}]},{"type":"header","content":"Headings"},{"type":"font_picker","id":"typography_headings_font","label":"Font","default":"open_sans_condensed_n3"},{"type":"select","id":"typography_header_base_size_modify","label":"Heading base size","default":"1","options":[{"value":"0.75","label":"Extra Small"},{"value":"0.825","label":"Small"},{"value":"1","label":"Medium"},{"value":"1.25","label":"Large"},{"value":"1.5","label":"Extra Large"}]},{"type":"checkbox","id":"typography_headings_capitalize","label":"Capitalize","default":true},{"type":"checkbox","id":"typography_headings_bold","label":"Bold page titles","default":false},{"type":"header","content":"Navigation"},{"type":"font_picker","id":"typography_navigation_font","label":"Font","default":"montserrat_n5"}]},{"name":"Favicon","settings":[{"type":"image_picker","id":"favicon","label":"Favicon image","info":"Will be scaled down to 32 x 32px"}]},{"name":"Newsletter","settings":[{"type":"text","id":"newsletter_discount_code","label":"Discount code","info":"Optional. Automatically apply a [discount code](\/admin\/discounts) when someone signs up."},{"type":"url","id":"newsletter_redirect_link","label":"Signup redirect link","info":"Optional. Redirect the customer to this page when they sign up."},{"type":"paragraph","content":"Emails added to the newsletter sign up form are added to your Shopify customer list. Using a Shopify App you can sync your customer list to your email marketing platform."}]},{"name":"Product grid","settings":[{"type":"header","content":"Product images"},{"type":"select","id":"collections_product_ratio","label":"Fit collection product images to ratio","options":[{"value":"false","label":"Disabled"},{"value":"auto","label":"Auto detect ratio"},{"value":"100%","label":"Square (1:1)"},{"value":"150%","label":"Portrait (2:3)"},{"value":"75%","label":"Landscape (4:3)"}],"default":"auto","info":"For best results [all product photos should be the same ratio](https:\/\/help.shopify.com\/manual\/productivity-tools\/image-editor#image-aspect-ratio)."},{"type":"checkbox","id":"collection_product_auto_crop","label":"Automatically crop collection product images","default":false},{"type":"checkbox","id":"variant_rollover","label":"Show variant image on rollover","default":true},{"type":"header","content":"Color swatch"},{"type":"checkbox","id":"collection_swatches","label":"Enable swatches","info":"Upload custom swatch images. [Learn more](https:\/\/help.stylehatch.com\/article\/335-product-color-swatches)","default":false},{"type":"checkbox","id":"collection_swatches_images","label":"Show swatch images","default":false},{"type":"select","id":"collection_swatches_shape","label":"Swatch shape","options":[{"value":"circle","label":"Circle"},{"value":"square","label":"Square"}],"default":"circle"},{"type":"header","content":"Layout"},{"type":"radio","id":"collections_product_columns","label":"Product columns to show on mobile","options":[{"value":"1","label":"1"},{"value":"2","label":"2"}],"default":"1"},{"type":"checkbox","id":"show_vendors","label":"Show product vendors","default":false},{"type":"select","id":"collections_text_alignment","label":"Text alignment","default":"center","options":[{"value":"left","label":"Left"},{"value":"center","label":"Center"},{"value":"right","label":"Right"}]},{"type":"select","id":"collections_badge_placement","label":"Badge placement","default":"bottom-right","options":[{"value":"top-left","label":"Top Left"},{"value":"top-right","label":"Top Right"},{"value":"bottom-left","label":"Bottom Left"},{"value":"bottom-right","label":"Bottom Right"}]},{"type":"image_picker","id":"collections_badge_onsale","label":"On sale badge","info":"130px width recommended."},{"type":"image_picker","id":"collections_badge_soldout","label":"Sold out badge","info":"130px width recommended."}]},{"name":"Breadcrumbs","settings":[{"type":"select","id":"show_breadcrumbs","label":"Show breadcrumbs","options":[{"value":"hidden","label":"Hidden"},{"value":"desktop","label":"Desktop only"},{"value":"all","label":"Desktop and mobile"}],"default":"desktop"}]},{"name":"Cart","settings":[{"type":"checkbox","id":"ajax_cart_enable","label":"Stay on current page when an item is added to the cart","default":true},{"type":"select","id":"cart_icon","label":"Icon","options":[{"value":"cart","label":"Cart"},{"value":"bag","label":"Bag"},{"value":"basket","label":"Basket"}],"default":"cart"}]},{"name":"Social media","settings":[{"type":"header","content":"Accounts"},{"type":"text","id":"social_twitter_link","label":"Twitter","info":"https:\/\/www.twitter.com\/stylehatch"},{"type":"text","id":"social_facebook_link","label":"Facebook","info":"https:\/\/www.facebook.com\/stylehatch"},{"type":"text","id":"social_instagram_link","label":"Instagram","info":"https:\/\/www.instagram.com\/stylehatch"},{"type":"text","id":"social_pinterest_link","label":"Pinterest","info":"https:\/\/www.pinterest.com\/stylehatch"},{"type":"text","id":"social_tumblr_link","label":"Tumblr","info":"http:\/\/stylehatch.tumblr.com"},{"type":"text","id":"social_youtube_link","label":"YouTube","info":"https:\/\/www.youtube.com\/stylehatch"},{"type":"text","id":"social_snapchat_link","label":"Snapchat","info":"https:\/\/www.snapchat.com\/add\/stylehatch"},{"type":"text","id":"social_spotify_link","label":"Spotify","info":"https:\/\/play.spotify.com\/user\/stylehatch"},{"type":"text","id":"social_googleplus_link","label":"Google Plus","info":"https:\/\/plus.google.com\/+stylehatch"},{"type":"text","id":"social_medium_link","label":"Medium","info":"https:\/\/www.medium.com\/@stylehatch"},{"type":"text","id":"social_linkedin_link","label":"LinkedIn","info":"https:\/\/www.linkedin.com\/company\/stylehatch"},{"type":"text","id":"social_amazon_link","label":"Amazon","info":"https:\/\/www.amazon.com\/"},{"type":"header","content":"Sharing"},{"type":"checkbox","id":"social_share_facebook_enabled","label":"Share on Facebook","default":true},{"type":"checkbox","id":"social_share_twitter_enabled","label":"Tweet on Twitter","default":true},{"type":"checkbox","id":"social_share_pinterest_enabled","label":"Pin on Pinterest","default":true},{"type":"checkbox","id":"social_share_googleplus_enabled","label":"+1 on Google Plus","default":true},{"type":"checkbox","id":"social_share_fancy_enabled","label":"Add to Fancy","default":false},{"type":"header","content":"Open Graph"},{"type":"image_picker","id":"default_opengraph_image","label":"Default Open Graph image","info":"Manually add a default image that will be used when visitors share on social media"}]},{"name":"Currency","settings":[{"type":"paragraph","content":"To show multiple currencies and enable customers to checkout in their local currency use Shopify's admin settings to [enable your store to sell in multiple currencies](https:\/\/help.shopify.com\/manual\/payments\/shopify-payments\/multi-currency)."},{"type":"checkbox","id":"show_multiple_currencies","label":"Enable currency preview","default":false,"info":"If you do not have multiple currencies set up with Shopify Payments, turn on the currency preview option allowing customers to see prices in their local currency. Without Shopify Payment's multiple currency feature customers will checkout using your store's currency."},{"type":"select","id":"currency_format","label":"Format","options":[{"value":"money_format","label":"Without currency ($10.00)"},{"value":"money_with_currency_format","label":"With currency ($10.00 CAD)"}],"default":"money_with_currency_format"},{"type":"text","id":"supported_currencies","label":"Supported currencies","default":"USD CAD GBP EUR JPY","info":"Use the country's ISO [currency code](http:\/\/www.xe.com\/iso4217.php). Separate your currency codes with a space."},{"type":"text","id":"default_currency","label":"Default currency","default":"USD"}]},{"name":"Popup Product","settings":[{"type":"product","id":"select_product","label":"Select Popup Product"}]}]