{"current":{"primary_text_color":"#000000","primary_title_color":"#000000","primary_background_color":"#ffffff","content_box_background_color":"#ffffff","primary_accent_color":"#000000","primary_dropshadow":false,"homepage_show_borders":false,"site_border_color":"#000000","site_border_text_color":"#ffffff","site_header_title_text_color":"#ffffff","site_header_nav_text_color":"#ffffff","site_header_background_color":"#000000","site_header_accent_color":"#989698","footer_background_color":"#ffffff","footer_title_text_color":"#000000","footer_title_accent_color":"#000000","typography_body_font":"open_sans_condensed_n7","typography_base_size_modify":"0.8125","typography_headings_font":"open_sans_condensed_n7","typography_header_base_size_modify":"1.25","typography_headings_capitalize":true,"typography_headings_bold":true,"typography_navigation_font":"open_sans_condensed_n7","favicon":"","newsletter_discount_code":"","newsletter_redirect_link":"","collections_product_ratio":"100%","collection_product_auto_crop":false,"variant_rollover":true,"collection_swatches":false,"collection_swatches_images":false,"collection_swatches_shape":"circle","collections_product_columns":"1","show_vendors":false,"collections_text_alignment":"center","collections_badge_placement":"bottom-right","collections_badge_onsale":"","collections_badge_soldout":"","show_breadcrumbs":"desktop","ajax_cart_enable":true,"cart_icon":"bag","social_twitter_link":"","social_facebook_link":"https:\/\/www.facebook.com\/glamnetics","social_instagram_link":"https:\/\/www.instagram.com\/glamnetic\/","social_pinterest_link":"https:\/\/www.pinterest.com\/GLAMNETIC\/","social_tumblr_link":"","social_youtube_link":"https:\/\/www.youtube.com\/channel\/UCjQ4xwkHoZtvzsU6hjR2V4w","social_snapchat_link":"https:\/\/www.snapchat.com\/add\/glamnetic","social_spotify_link":"","social_googleplus_link":"","social_medium_link":"","social_linkedin_link":"","social_amazon_link":"","social_share_facebook_enabled":true,"social_share_twitter_enabled":true,"social_share_pinterest_enabled":true,"social_share_googleplus_enabled":false,"social_share_fancy_enabled":false,"default_opengraph_image":"","show_multiple_currencies":false,"currency_format":"money_with_currency_format","supported_currencies":"USD CAD GBP EUR JPY","default_currency":"USD","select_product":"all-natural-baby-eyelash-bundle","checkout_header_image":"","checkout_logo_image":"shopify:\/\/shop_images\/Screen_Shot_2020-03-13_at_4.54.09_PM.png","checkout_logo_position":"left","checkout_logo_size":"medium","checkout_body_background_image":"","checkout_body_background_color":"#fff","checkout_input_background_color_mode":"white","checkout_sidebar_background_image":"","checkout_sidebar_background_color":"#fafafa","checkout_heading_font":"Open Sans","checkout_body_font":"Open Sans","checkout_accent_color":"#f3b7dd","checkout_button_color":"#000000","checkout_error_color":"#ff6d6d","mlvedaACS_roundDecimal":false,"email_offer_form_action":"","mlvedaACS_positionTop":"10px","mlvedaACS_positionRight":"10px","newsletter_type":"shopify","mlvedaACS_positionLeft":false,"mlvedaACS_defaultCurrency":"USD","mlvedaACS_positionBottom":false,"mlvedaACS_position":"top_with_right","mlvedaACS_enable":true,"mlvedaACS_supportedCurrencies":"USD CAD AUD GBP EUR INR JPY","mlvedaACS_hideDecimal":false,"mlvedaACS_currencyFormat":"money_with_currency_format","mlvedaACS_displayFlag":false,"sections":{"footer":{"type":"footer","blocks":{"1477520939001":{"type":"newsletter","settings":{"title":"Glamnetic VIP","text_richtext":"<p>Be the first to know about exclusive deals, launches &amp; more!<\/p>"}},"1477519548048":{"type":"menu","settings":{"title":"Explore","text":"","footer_linklist":"footer"}},"1477603756570":{"type":"contact","settings":{"title":"Get in touch","show_contact":true,"phone":"1.877.555.9300","contact_text":"Contact Us","contact_link":"shopify:\/\/pages\/contact-us","address":"","show_social":true}}},"block_order":["1477520939001","1477519548048","1477603756570"],"settings":{"show_payment_icons":true,"trust_richtext":"","trust_badge":""}},"1584061117607":{"type":"slideshow","blocks":{"1584061117607-0":{"type":"image","settings":{"image":"shopify:\/\/shop_images\/Screen_Shot_2020-03-12_at_4.43.26_PM.png","mobile_image":"shopify:\/\/shop_images\/annmobilesm_26f209be-997b-443c-8436-e23b49b1494e.png","link":"shopify:\/\/collections\/shop-all","title":"","text":"","button_label":"","button_link":"","vertical_alignment":"align-center","horizontal_alignment":"justify-center","color_text":"#000000","color_accent":"#000000","color_overlay":"#ffffff","color_overlay_alpha_range":0}}},"block_order":["1584061117607-0"],"settings":{"full_width":true,"autoplay":true,"autoplay_speed_range":5,"show_dots":false,"show_arrows":false}},"1481011869014":{"type":"slideshow","blocks":{"1481011869014-0":{"type":"image","settings":{"image":"shopify:\/\/shop_images\/slideshow.jpg","mobile_image":"shopify:\/\/shop_images\/olga_mobile-Recovered_f7b1b2fe-3303-4708-830d-faba82d23327.png","link":"shopify:\/\/collections\/shop-all","title":"","text":"","button_label":"","button_link":"shopify:\/\/collections\/all","vertical_alignment":"align-end","horizontal_alignment":"justify-start","color_text":"#000000","color_accent":"rgba(0,0,0,0)","color_overlay":"#b8a8a8","color_overlay_alpha_range":0}}},"block_order":["1481011869014-0"],"settings":{"full_width":true,"autoplay":true,"autoplay_speed_range":4,"show_dots":false,"show_arrows":false}},"promos-new":{"type":"promos-new","blocks":{"1584228101092":{"type":"quote","settings":{"promo_text":"BUY NOW PAY LATER WITH QUADPAY"}},"1584228129548":{"type":"quote","settings":{"promo_text":"FREE SHIPPING ON ORDERS OVER $30 US & CAN"}},"1584228141842":{"type":"quote","settings":{"promo_text":"WORLDWIDE SHIPPING"}}},"block_order":["1584228101092","1584228129548","1584228141842"],"settings":{"promo_slide_timer":5,"promo_text_size":18}},"article-template":{"type":"article-template","blocks":{"1481845836398":{"type":"recent_posts","settings":{"title":"Recent posts","article_count_range":3,"show_date":true}},"1481845845733":{"type":"tags","settings":{"title":"Blog categories"}},"1481845849086":{"type":"rss","settings":{"title":"RSS feed"}}},"block_order":["1481845836398","1481845845733","1481845849086"],"settings":{"show_title":true,"show_image_first":"after","show_author":true,"show_date":true,"center_title":true}},"1584650942874":{"type":"routine-video","settings":{"routine-alt":"Glamnestic Easier Lash Routine","routine_banner_desktop":"shopify:\/\/shop_images\/Routine_e48b9f66-10ee-47ac-8d21-d5579e35b49f.png","Linemp4":"https:\/\/cdn.shopify.com\/s\/files\/1\/0139\/2302\/4944\/files\/line.mp4","Lushmp4":"https:\/\/cdn.shopify.com\/s\/files\/1\/0139\/2302\/4944\/files\/lash.mp4","Litmp4":"https:\/\/cdn.shopify.com\/s\/files\/1\/0139\/2302\/4944\/files\/lit.mp4","routine_banner_mobile":"shopify:\/\/shop_images\/Routine-mob-v1_f88de4b4-d004-43eb-8103-5690be006ed0.png","mobgifmp4":"https:\/\/cdn.shopify.com\/s\/files\/1\/0139\/2302\/4944\/files\/mobile.mp4"}},"product-template":{"type":"product-template","settings":{"show_vendors":false,"show_savings":false,"variant_style":"buttons","size_guide_page":"","product_quantity_enable":true,"show_payment_button":true,"product_box_padding":true,"variant_swatch_images":false,"variant_swatch_shape":"circle","variant_swatch_soldout":true,"enable_image_slider":true,"show_dots":false,"show_arrows":true,"thumbnails_placement":"hide","enable_thumb_slider":false,"product_featured_zoom_enable":true,"product_featured_lightbox_enable":true,"enable_video_looping":false,"tabs_enable":true,"tabs_auto_headings":"h4","tabs_title":"Description","tabs_global_page_1":"3-step-lash-routine","tabs_global_page_2":"","tabs_global_page_3":"","show_product_jump":false,"trust_badge":"","show_share_buttons":false}},"1584223534210":{"type":"simple-collection","settings":{"title":"COLORED MAGNETIC LASHES","center_heading":true,"button_label":"THE WORLD'S FIRST & ONLY","button_link":"shopify:\/\/collections\/colorful-magnetic-lashes","collection":"colorful-magnetic-lashes","product_count_range":4}},"blog-template":{"type":"blog-template","blocks":{"1481793110411":{"type":"recent_posts","settings":{"title":"Recent posts","article_count_range":3,"show_date":true}},"1481793118498":{"type":"tags","settings":{"title":"Blog categories"}},"1481793121738":{"type":"rss","settings":{"title":"RSS feed"}}},"block_order":["1481793110411","1481793118498","1481793121738"],"settings":{"show_title":true,"blog_layout":"column","show_image_first":"after","show_author":true,"show_date":true,"center_title":true,"show_tags":true,"show_comments":true}},"faq":{"type":"faq","blocks":{"1584985129583":{"type":"text","settings":{"faq_question":"WHAT IS THE LIFE EXPECTANCY OF THE EYELINER & THE EYELASHES?","faq_answer":"The Glamnetic Eyeliner is reusable up to 100 times. If you care for the eyelashes properly, they can last over 35+ times. Make sure you clean the magnets on the lash after every use and to magnetize it back into lash tray! Avoid water contact with the lashes as they will lose their curl and shape."}},"1584985148058":{"type":"text","settings":{"faq_question":"DOES THE LINER COME WITH THE LASH?","faq_answer":"Our liner does not come with the lash but if you buy a kit (which offers a bulk discount for getting 2 or more lashes) it does come together!"}},"1584985458323":{"type":"text","settings":{"faq_question":"WHAT’S IN THE EYELINER, IS IT SAFE & IS IT CRUELTY FREE?","faq_answer":"<div class=\"card-body\">\n<meta charset=\"utf-8\">The Glamnetic Eyeliner ingredients are all commonly found in common makeup and skincare products &amp; are cruelty free. The added ingredient that makes the eyeliner work is iron oxide. See below for the breakdown and the safety level of all ingredients as cited in EWG's Skin Deep Cosmetic Database. In addition, Princeton Consumer Research independently studied the effects of prolonged magnetic lash use in healthy female subjects, and not a single adverse reaction was found. Having Magnetic and iron contents near your eyes productes no long term negative consequences. However, for the health and safety of our customers, we do not recommend any eye products to anyone with pre-existing eye conditions.<\/div>\n\n<div class=\"card-body\">*** We strongly suggest that you try our products on a small patch of skin (other than the intended location), to test for reactions first. We also urge everyone to review our product ingredients first to avoid sensitivities.<\/div>\n<div class=\"card-body\">\n<div class=\"rte__table-wrapper\"><table>\n<tbody>\n<tr>\n<td>\n<h6><b>INGREDIENT (FROM HIGHEST TO LOWEST % WITHIN INGREDIENT)<\/b><\/h6>\n<\/td>\n<td>\n<h6><b>SAFETY PROFILE FROM EWG’S SKIN DEEP COSMETICS DATABASE<\/b><\/h6>\n<\/td>\n<td>\n<h6><b>HAZARD <\/b><\/h6>\n<h6><b>SCORE KEY:<\/b><\/h6>\n<h6>\n<b> 1 - <\/b><b>10 <\/b>\n<\/h6>\n<\/td>\n<\/tr>\n<tr>\n<td>\n<h6><span style=\"font-weight: 400;\">ISODOECANE (30%)<\/span><\/h6>\n<\/td>\n<td>\n<h6><a href=\"https:\/\/www.ewg.org\/skindeep\/ingredient\/703179\/ISODODECANE\/\"><span style=\"font-weight: 400;\">https:\/\/www.ewg.org\/skindeep\/ingredient\/703179\/ISODODECANE\/<\/span><\/a><\/h6>\n<\/td>\n<td>\n<h6><span style=\"font-weight: 400;\">1<\/span><\/h6>\n<\/td>\n<\/tr>\n<tr>\n<td>\n<h6><span style=\"font-weight: 400;\">HYDROGENATED C6-20<\/span><\/h6>\n<\/td>\n<td>\n<h6><a href=\"https:\/\/www.ewg.org\/skindeep\/ingredient\/702916\/HYDROGENATED_C6-20_POLYOLEFIN\/\"><span style=\"font-weight: 400;\">https:\/\/www.ewg.org\/skindeep\/ingredient\/702916\/HYDROGENATED_C6-20_POLYOLEFIN\/<\/span><\/a><\/h6>\n<\/td>\n<td>\n<h6><span style=\"font-weight: 400;\">1<\/span><\/h6>\n<\/td>\n<\/tr>\n<tr>\n<td>\n<h6><span style=\"font-weight: 400;\">CI 77499 (IRON OXIDE)<\/span><\/h6>\n<\/td>\n<td>\n<h6><a href=\"http:\/\/www.ewg.org\/skindeep\/ingredient\/706410\/iron_oxides\/\"><span style=\"font-weight: 400;\">http:\/\/www.ewg.org\/skindeep\/ingredient\/706410\/iron_oxides\/<\/span><\/a><\/h6>\n<\/td>\n<td>\n<h6><span style=\"font-weight: 400;\">2<\/span><\/h6>\n<\/td>\n<\/tr>\n<tr>\n<td>\n<h6><span style=\"font-weight: 400;\">DIMETHICONE<\/span><\/h6>\n<\/td>\n<td>\n<h6><a href=\"http:\/\/www.ewg.org\/skindeep\/ingredient\/702011\/dimethicone\/\"><span style=\"font-weight: 400;\">http:\/\/www.ewg.org\/skindeep\/ingredient\/702011\/dimethicone\/<\/span><\/a><\/h6>\n<\/td>\n<td>\n<h6><span style=\"font-weight: 400;\">3<\/span><\/h6>\n<\/td>\n<\/tr>\n<tr>\n<td>\n<h6><span style=\"font-weight: 400;\">CERA MICROCRISTILLINA<\/span><\/h6>\n<\/td>\n<td>\n<h6><a href=\"https:\/\/www.ewg.org\/skindeep\/ingredient\/703957\/MICROCRYSTALLINE_WAX_(CERA_MICROCRISTALLINA)\/\"><span style=\"font-weight: 400;\">https:\/\/www.ewg.org\/skindeep\/ingredient\/703957\/MICROCRYSTALLINE_WAX_(CERA_MICROCRISTALLINA)\/<\/span><\/a><\/h6>\n<\/td>\n<td>\n<h6><span style=\"font-weight: 400;\">1<\/span><\/h6>\n<\/td>\n<\/tr>\n<tr>\n<td>\n<h6><span style=\"font-weight: 400;\">SILICA<\/span><\/h6>\n<\/td>\n<td>\n<h6><a href=\"https:\/\/www.ewg.org\/skindeep\/ingredient\/705911\/SILICA%2C_AMORPHOUS\/\"><span style=\"font-weight: 400;\">https:\/\/www.ewg.org\/skindeep\/ingredient\/705911\/SILICA%2C_AMORPHOUS\/<\/span><\/a><\/h6>\n<\/td>\n<td>\n<h6><span style=\"font-weight: 400;\">1-2<\/span><\/h6>\n<\/td>\n<\/tr>\n<tr>\n<td>\n<h6><span style=\"font-weight: 400;\">VINYL DIMETHICONE<\/span><\/h6>\n<\/td>\n<td>\n<h6><a href=\"https:\/\/www.ewg.org\/skindeep\/ingredient\/707111\/VINYL_DIMETHICONE\/\"><span style=\"font-weight: 400;\">https:\/\/www.ewg.org\/skindeep\/ingredient\/707111\/VINYL_DIMETHICONE\/<\/span><\/a><\/h6>\n<\/td>\n<td>\n<h6><span style=\"font-weight: 400;\">1<\/span><\/h6>\n<\/td>\n<\/tr>\n<tr>\n<td>\n<h6><span style=\"font-weight: 400;\">CERESIN<\/span><\/h6>\n<\/td>\n<td>\n<h6><a href=\"https:\/\/www.ewg.org\/skindeep\/ingredient\/701212\/CERESIN\/\"><span style=\"font-weight: 400;\">https:\/\/www.ewg.org\/skindeep\/ingredient\/701212\/CERESIN\/<\/span><\/a><\/h6>\n<\/td>\n<td>\n<h6><span style=\"font-weight: 400;\">1<\/span><\/h6>\n<\/td>\n<\/tr>\n<tr>\n<td>\n<h6><span style=\"font-weight: 400;\">POLYETHYLENE<\/span><\/h6>\n<\/td>\n<td>\n<h6><a href=\"http:\/\/www.ewg.org\/skindeep\/ingredient\/704981\/polyethylene\/\"><span style=\"font-weight: 400;\">http:\/\/www.ewg.org\/skindeep\/ingredient\/704981\/polyethylene\/<\/span><\/a><\/h6>\n<\/td>\n<td>\n<h6><span style=\"font-weight: 400;\">1<\/span><\/h6>\n<\/td>\n<\/tr>\n<tr>\n<td>\n<h6><span style=\"font-weight: 400;\">PHENOXYETHANOL (make up preservative)(0.5%)<\/span><\/h6>\n<\/td>\n<td>\n<h6><a href=\"https:\/\/www.ewg.org\/skindeep\/ingredient\/704811\/phenoxyethanol\/\"><span style=\"font-weight: 400;\">https:\/\/www.ewg.org\/skindeep\/ingredient\/704811\/phenoxyethanol\/<\/span><\/a><\/h6>\n<\/td>\n<td>\n<h6><span style=\"font-weight: 400;\">4<\/span><\/h6>\n<\/td>\n<\/tr>\n<\/tbody>\n<\/table><\/div>\n<\/div>"}},"1584985709863":{"type":"text","settings":{"faq_question":"HOW CAN I MAKE SURE THAT THE GLAMNETIC LASHES FIT MY EYESHAPE?","faq_answer":"We offer 12 different lashes styles with varying thickness and length--able to create styles ranging from natural to super glam looks. There are 5 small magnets on each of them capable of being cut down to fit any eye shape and sizes. Make sure no raw edges are at the edge of the lash after cutting."}},"1584985723194":{"type":"text","settings":{"faq_question":"CAN I WEAR OTHER MAGNETIC LASHES WITH YOUR PRODUCTS?","faq_answer":"Yes. Our eyeliner works with any &amp; all magnetic lashes!"}},"1584985750377":{"type":"text","settings":{"faq_question":"CAN I WEAR MASCARA WITH MY GLAMNETIC MAGNETIC LASHES?","faq_answer":"Yes, we recommend you applying our glamnetic mascara on your eyelashes, and then curling with our glamnetic eyelash curler before applying Glamnetic lashes so your natural eyelashes are more blended in with the lashes! We don’t recommend putting mascara directly on the mink lashes as it will distort the shape and form of the lash and shorten the lifespan of the lash. We would love to see the looks you come up with using our lashes. Feel free to show us by tagging our Instagram @Glamnetic in your photos, and hash tagging #glamgang #beGlamnetic. We’d love to feature what you come up with!"}},"1584985791605":{"type":"text","settings":{"faq_question":"HOW DO I MAKE MY MAGNETIC EYELASHES STICK TO THE MAGNETIC LINER BETTER?","faq_answer":"You may have remnants of mascara or eyeliner stuck onto the tiny magnets. If you notice this, you can scratch it off with your nail or take makeup remover on a q-tip and gently wipe it off the strengthen the magnetic pull on the eyelashes. Also make sure you have applied a thick and even enough coat of eyeliner and that it's  FULLY dried before magnetizing lashes! Otherwise liner will stick to the magnet more than your eyelid so very important its dried before magnetizing."}},"1584985813627":{"type":"text","settings":{"faq_question":"HOW DO I REMOVE & CLEAN MY LASHES?","faq_answer":"Removal is way easier with our magnetic liner than the conventional eyelash glue method. Simply pull the false eyelash off and away from the eyelid and there will be no tugging or pulling of your natural eyelashes, but your glamnetic lashes will be removed :) If you notice clumps from the eyeliner or mascara on the magnets, gently scratch it off with your nail on each of the magnets. To clean the liner off your eyelid, it will dissolve in the hot shower and clean off any remianing residue, use waterproof makeup remover or any oil (coconut, olive, etc)"}},"1584985837799":{"type":"text","settings":{"faq_question":"WHAT ARE THE LASHES & YOUR BRUSH MADE OF?","faq_answer":"All our magnetic lashes are mink with small magnets glued on them. We also have just released a Faux mink lash style which is made from high quality synthetic fibers.  Our brush is made from plastic fiber."}},"1584985860874":{"type":"text","settings":{"faq_question":"WHEN WILL I RECEIVE MY ORDER?","faq_answer":"All of our orders are received by and delivered out of our warehouse within 24 hours typically unless there is a major flood in volume of orders. Shipping usually takes about 2-7 business days to deliver from the time it leaves our facility."}},"1584985892868":{"type":"text","settings":{"faq_question":"IN WHICH CASE AM I NOT ELIGIBLE FOR A BOSS BABE COMMISSION CREDIT?","faq_answer":"Codes for Boss Babe are only considered Valid if they are not leaked to a coupon site. And codes are not valid during our sales periods."}},"1584985911722":{"type":"text","settings":{"faq_question":"WHERE ARE YOUR PRODUCTS MADE?","faq_answer":"We work with a high quality factory in china that utilizes bright spacious facilities, modern methods, provides comfortable conditions and convenience for local communities. Our full time staff work closely with our factory to assure rigid standards of quality, environment and safety."}},"1584985938351":{"type":"text","settings":{"faq_question":"HOW DO I CANCEL MY ORDER?","faq_answer":"All orders are processed within 24 hours or less. If you would like to edit or cancel your order, you can contact us at support@glamnetic.com or DM us @glamnetic within 30 minutes of order placement to cancel your order."}},"1584985988200":{"type":"text","settings":{"faq_question":"MY TRACKING NUMBER IS NOT SHOWING ANY INFORMATION.","faq_answer":"All customers receive tracking information via email as soon as it is available. In many cases USPS will have delayed tracking updates, approximately 24-48 hours from the original scan of your shipment. You can always send us an email to support@glamnetic.com or DM us for quicker response if you require assistance with tracking your order."}},"1584986011713":{"type":"text","settings":{"faq_question":"DO YOU SHIP INTERNATIONALLY?","faq_answer":"Yes we do! Please check the rates as they are calculated at checkout based on country! Also check our shipping info in our footer!"}},"1584986039812":{"type":"text","settings":{"faq_question":"Questions and Feedback?","faq_answer":"We welcome your questions, comments, and concerns about privacy. Please feel free to send any comments and\/or concerns regarding this policy to support@glamnetic.com."}}},"block_order":["1584985129583","1584985148058","1584985458323","1584985709863","1584985723194","1584985750377","1584985791605","1584985813627","1584985837799","1584985860874","1584985892868","1584985911722","1584985938351","1584985988200","1584986011713","1584986039812"],"settings":{"faq_title":""}},"lash-guide-template":{"type":"lash-guide-template","blocks":{"1584971138332":{"type":"text","settings":{"product_title":"ECSTASY","product_size":"9 -13mm","product_first":"shopify:\/\/shop_images\/ECSTASY_88726ebb-1bfe-4c5a-ae69-bb8cb45bcd45.jpg","product_second":"shopify:\/\/shop_images\/ECSTASYCLOSE_abc78251-71b7-4190-8818-eef06f89b98b.jpg","product_content":"<p>STRIPES OF HOT PINK AMONG BLACK HAIRS IN NATURAL CAT EYE<\/p>","product_url":"shopify:\/\/products\/ecstasy-mink-magnetic-lashes"}},"1584971218074":{"type":"text","settings":{"product_title":"ECSTASYX","product_size":"10-14mm","product_first":"shopify:\/\/shop_images\/ECSTASYXactual_60090646-6019-49cd-8644-290823c526bc.jpg","product_second":"shopify:\/\/shop_images\/ECSTASYXactual2.jpg","product_content":"<p>A FULLY DYED CAT-EYED HOT PINK LASH WITH PURPLE ROOTED OMBRE<\/p>","product_url":"shopify:\/\/products\/ecstasyx"}},"1584971318186":{"type":"text","settings":{"product_title":"ETHEREAL","product_size":"11-15mm","product_first":"shopify:\/\/shop_images\/ETHEREAL_2f26244f-e07b-4c09-ba23-d42de2980818.jpg","product_second":"shopify:\/\/shop_images\/ETHEREAL2.jpg","product_content":"<p>A MIX OF PURPLE AND BLACK HAIRS IN NATURAL CAT EYE<\/p>","product_url":"shopify:\/\/products\/ethereal-mink-magnetic-lashes"}},"1584971422318":{"type":"text","settings":{"product_title":"ECCENTRIC","product_size":"11-15mm","product_first":"shopify:\/\/shop_images\/ECCENTRIC_0ba2dbe8-803a-4626-ba5c-3eb15d9b2c17.jpg","product_second":"shopify:\/\/shop_images\/ECCENTRIC2.jpg","product_content":"<p>A BLEND OF PURPLE AND GREEN BANDS IN A MEDIUM LENGTH CAT EYE&nbsp;<\/p>","product_url":"shopify:\/\/products\/eccentric-mink-magnetic-eyelashes"}},"1584971500514":{"type":"text","settings":{"product_title":"EGO","product_size":"17mm","product_first":"shopify:\/\/shop_images\/EGO_057064a1-3f19-4420-8662-0aa77d6e3459.jpg","product_second":"shopify:\/\/shop_images\/EGO2.jpg","product_content":"<p>A DRAMATIC LENGTH BLEND OF DARK PURPLE AND BLACK APPEARING ALMOST FULLY BLACK WHEN WORN<\/p>","product_url":"shopify:\/\/products\/ego-magnetic-eyelashes"}}},"block_order":["1584971138332","1584971218074","1584971318186","1584971422318","1584971500514"],"settings":{"title":"<h3 style=\"color:#f59cba\">CHOOSE BY LENGTH:<\/h3>\n<h3>OUR EXCLUSIVE COLORED<\/h3>\n<h3>MAGNETIC LASH E-SERIES<\/h3>"}},"cart-template":{"type":"cart-template","settings":{"show_notes":false,"show_vendors":true,"ajax_cart":true,"terms_and_conditions":false,"terms_and_conditions_text":"<p>I agree with the terms and conditions.<\/p>","extra_featured_products":"","variant_rollover":true}},"promos":{"type":"promos","blocks":{"1482143996282":{"type":"announcement-bar","settings":{"show_announcement_bar":true,"title":"BUY NOW PAY LATER WITH QUADPAY. WORLDWIDE SHIPPING","link":"","color_background":"#ff6790","color_text":"#ffffff","homepage_limit":false,"show_for":"both","bar_size":"default","bar_placement":"top","autohide":false,"autohide_delay_range":15}}},"block_order":["1482143996282"],"settings":{"scroll_lock":false}},"1584881687254":{"type":"starter-kit","settings":{"shop-kits":"shopify:\/\/collections\/magnetic-eyelash-kit","sub-title":"HAND SELECTED LASH KITS BY OUR CEO","section-title":"CURATED LASH KITS","secondsubtitle":"<p>Comes with a lash set of your choice and a<br>magnetic liquid eyeliner<\/p>","button-text":"Shop Kits","skdesktop":"shopify:\/\/shop_images\/starter-kit.jpg","skmobile":"shopify:\/\/shop_images\/starter-kit.jpg"}},"Wispy-lash":{"type":"Wispy-lash","blocks":{"1584970046386":{"type":"text","settings":{"product_title":"VIXEN","product_size":"14-15mm","product_first":"shopify:\/\/shop_images\/vixen1.jpg","product_second":"shopify:\/\/shop_images\/vixen2.jpg","product_content":"<p>A NATURAL, SLIGHTLY WISPY SYNTHETIC LASH<\/p>","product_url":"shopify:\/\/products\/vixen-magnetic-lashes"}},"1584970208835":{"type":"text","settings":{"product_title":"LOVE","product_size":"13-15mm","product_first":"shopify:\/\/shop_images\/love1.jpg","product_second":"shopify:\/\/shop_images\/love2.jpg","product_content":"<p>A WISPY MEDIUM DRAMA MINK LASH<\/p>","product_url":"shopify:\/\/products\/love-lash-mink-magnetic-eyelashes"}},"1584970270907":{"type":"text","settings":{"product_title":"VOGUE","product_size":"15-16mm","product_first":"shopify:\/\/shop_images\/vouge1.jpg","product_second":"shopify:\/\/shop_images\/vouge2.jpg","product_content":"<p>A VOLUME-PACKED DRAMATIC SYTHETIC LASH<\/p>","product_url":"shopify:\/\/products\/vogue"}},"1584970338002":{"type":"text","settings":{"product_title":"LAVISH","product_size":"16mm","product_first":"shopify:\/\/shop_images\/lavish1.jpg","product_second":"shopify:\/\/shop_images\/lavish2.jpg","product_content":"<p>WISPY SEMI-NATURAL WISPY ROUND LASH<\/p>","product_url":"shopify:\/\/products\/lavish-lash-magnetic-eyelashes"}},"1586618033271":{"type":"text","settings":{"product_title":"VA VA VOOM","product_size":"12-18mm","product_first":"shopify:\/\/shop_images\/voom.jpg","product_second":"shopify:\/\/shop_images\/vvoom2.jpg","product_content":"<p>A DRAMATIC SUPER WISPY LASH<\/p>","product_url":"https:\/\/glamnetic.com\/products\/va-va-voom"}}},"block_order":["1584970046386","1584970208835","1584970270907","1584970338002","1586618033271"],"settings":{"title":"<h3>WISPY LASH:  ALTERNATING LENGTHS<\/h3>"}},"list-collections-template":{"type":"list-collections-template","blocks":{"1484256559451":{"type":"collection","settings":{"collection":""}},"1484256561216":{"type":"collection","settings":{"collection":""}},"1484256562272":{"type":"collection","settings":{"collection":""}}},"block_order":["1484256559451","1484256561216","1484256562272"],"settings":{"title":"All collections","layout":"grid","list_mode":"default"}},"collection-list-template":{"type":"collection-list-template","blocks":{"1482292067654":{"type":"menu","settings":{"linklist":"main-menu"}},"1482292071355":{"type":"tags","settings":{"title":"Shop by","tag_style":"buttons","tag_grouping":false}}},"block_order":["1482292067654","1482292071355"],"settings":{"products_per_page_range":12,"image_placement":"default","sort_enable":true,"layout_enable":true}},"search-template":{"type":"search-template","settings":{"search_layout":"grid","extra_featured_products":""}},"quad-faq":{"type":"quad-faq","blocks":{"1584987222328":{"type":"text","settings":{"faq_question":"CAN I CHANGE PAYMENT METHODS?","faq_ans":"<p>If you need to change which payment method is used for future installments, follow these steps to associate a different card with a given order. This will cause all further installments for that order to be billed against your new card.<\/p>\n<p>1. Log into the Customer Portal at&nbsp;<a href=\"https:\/\/customer.quadpay.com\/\">https:\/\/customer.quadpay.com<\/a>.<\/p>\n<p>2. Go to the Orders Page and click View Order for the order you would like to change.<\/p>\n<p>3. Click Edit next to the payment card.<\/p>\n<p>4. Select the card you&rsquo;d like to use, and click &ldquo;Use this Card&rdquo;.<\/p>"}},"1584987290957":{"type":"text","settings":{"faq_question":"CAN I GET A REFUND?","faq_ans":"<p>Yes! If you return your order, you will receive a refund. Just like with a regular purchase!<br>In the case of a full refund, as soon as we are notified of the return, you are refunded the amount you've paid to-date and QuadPay cancels all future payments.<br>Remember, if you have only made one installment payment, we can only refund what you have paid, not the entire amount of the original purchase.<\/p>"}},"1584987325152":{"type":"text","settings":{"faq_question":"CAN I PARTIALLY REFUND QP?","faq_ans":"<p>If the refund is partial (for example, you&rsquo;ve only returned part of an order) we will start by reducing your last installment by that amount, then if it is more than that, we will deduct it from your last and second last installment - and so on.<\/p>"}},"1584987889861":{"type":"text","settings":{"faq_question":"CAN I PAY OFF QP EARLY?","faq_ans":"<p>Yes, log in to QuadPay&rsquo;s Customer Portal and choose the order you would like to pay off early. You can access the portal at this link:<a href=\"https:\/\/customer.quadpay.com\/\">https:\/\/customer.quadpay.com<\/a>.<\/p>"}},"1584987905677":{"type":"text","settings":{"faq_question":"DOES QP HAVE A SPEND LIMIT?","faq_ans":"<p>QuadPay uses an automated system that analyzes various factors to determine approval and spend limits. *Not every order is approved for QuadPay. QuadPay will charge 25% of the purchase amount at the time of the transaction. If the customer doesn&rsquo;t have this available, then the order won&rsquo;t go through. If a customer is a repeat purchaser and has made all their payments on time, then QuadPay will be more likely to give them a higher spending limit.<\/p>"}},"1584987919681":{"type":"text","settings":{"faq_question":"HOW CAN I CHECK MY QP ORDER?","faq_ans":"<p>Log in to QuadPay&rsquo;s customer portal through the following link:&nbsp;<a href=\"https:\/\/customer.quadpay.com\/login\"><strong>https:\/\/customer.quadpay.com\/login<\/strong><\/a><\/p>"}},"1584987934121":{"type":"text","settings":{"faq_question":"HOW DO I SIGN UP FOR QUADPAY?","faq_ans":"<p>Sign up when you reach the checkout page!<\/p>"}},"1584987948424":{"type":"text","settings":{"faq_question":"HOW DOES QP NOTIFY ME?","faq_ans":"<p>QuadPay sends out payment reminders via SMS and e-mail before each payment is due.<\/p>"}},"1584987964754":{"type":"text","settings":{"faq_question":"WHAT IF I WILL MISS A PAYMENT?","faq_ans":"<p>Simply make sure to notify QuadPay to avoid a late fee if your payment method is not up-to-date or if you can&rsquo;t make your next payment. You may contact QuadPay by clicking&nbsp;<a href=\"https:\/\/help.quadpay.com\/hc\/en-us\/requests\/new\">here<\/a>. Please note that QuadPay will determine whether or not a payment date change can be honored.<\/p>"}},"1584987981514":{"type":"text","settings":{"faq_question":"WHAT INFO DOES QP NEED?","faq_ans":"<p>To sign up, all QuadPay needs to know is your name, address, date of birth, US mobile number and a US debit or credit card.<\/p>"}},"1584987995146":{"type":"text","settings":{"faq_question":"WHAT IS QUADPAY?","faq_ans":"<p>QuadPay is an installment payment platform that lets you pay for your purchase using a credit or debit card. QuadPay automatically splits the purchase amount into 4 payments, every two weeks. QuadPay lets you buy now and pay over an extended period of time!<\/p>"}},"1584988011034":{"type":"text","settings":{"faq_question":"WHEN IS MY QP PAYMENT DUE?","faq_ans":"<p>Your first payment of 25% of the total purchase price will be made at the time of checkout. The three remaining payments will be billed automatically, every two weeks from your first payment date.<\/p>"}},"1584988026591":{"type":"text","settings":{"faq_question":"WHO CAN USE QUADPAY?","faq_ans":"<p>Anyone with a US debit or credit card.<\/p>"}},"1584988047437":{"type":"text","settings":{"faq_question":"WHY WOULD I USE QUADPAY?","faq_ans":"<p>By using QuadPay you have the opportunity to split your Glamnetic purchase into four (4) easy installments and pay for your order over time, instead of all-at-once.<\/p>"}}},"block_order":["1584987222328","1584987290957","1584987325152","1584987889861","1584987905677","1584987919681","1584987934121","1584987948424","1584987964754","1584987981514","1584987995146","1584988011034","1584988026591","1584988047437"],"settings":{"faq_title":""}},"1584071706322":{"type":"slideshow","blocks":{"1584071706322-0":{"type":"image","settings":{"image":"shopify:\/\/shop_images\/Screen_Shot_2020-03-12_at_8.38.28_PM.png","mobile_image":"shopify:\/\/shop_images\/IMG_6006.jpg","link":"","title":"","text":"","button_label":"","button_link":"","vertical_alignment":"align-center","horizontal_alignment":"justify-center","color_text":"#000000","color_accent":"#000000","color_overlay":"#ffffff","color_overlay_alpha_range":0}},"1584071706322-1":{"type":"image","settings":{"image":"shopify:\/\/shop_images\/Screen_Shot_2020-03-12_at_8.38.42_PM.png","mobile_image":"shopify:\/\/shop_images\/IMG_6007.jpg","link":"","title":"","text":"","button_label":"","button_link":"","vertical_alignment":"align-center","horizontal_alignment":"justify-center","color_text":"#000000","color_accent":"#000000","color_overlay":"#ffffff","color_overlay_alpha_range":0}}},"block_order":["1584071706322-0","1584071706322-1"],"settings":{"full_width":true,"autoplay":true,"autoplay_speed_range":5,"show_dots":false,"show_arrows":true}},"collection-template":{"type":"collection-template","settings":{"products_per_page_range":48,"image_placement":"default","sort_enable":false,"layout_enable":false}},"1584118662447":{"type":"simple-collection","settings":{"title":"MAGNETIC EYELASHES","center_heading":true,"button_label":"Shop Magnetic Lashes A La Carte","button_link":"shopify:\/\/collections\/all-lashes","collection":"all-lashes","product_count_range":4}},"lash-guide-e-series-template":{"type":"lash-guide-e-series-template","blocks":{"1584962283890":{"type":"text","settings":{"product_title":"LIVIN'","product_size":"11mm","product_first":"shopify:\/\/shop_images\/LIVIN_cb30db06-c819-42b4-a418-68ac5544616f.jpg","product_second":"shopify:\/\/shop_images\/LIVIN_2_388dab07-4ab9-4ae4-825f-e71c5afbf352.jpg","product_content":"<p>THE MOST NATURAL ROUND MINK LASH<\/p>","product_url":"shopify:\/\/products\/livin-lash-natural-magnetic-eyelashes"}},"1584962753677":{"type":"text","settings":{"product_title":"VIRGO","product_size":"12mm","product_first":"shopify:\/\/shop_images\/VIRGO_1e5cf75f-d342-49fe-9760-9f65b0594cf6.jpg","product_second":"shopify:\/\/shop_images\/VIRGO_13a2c9e5-b150-4481-8c62-a32ad0c5d296.jpg","product_content":"<p>THE MOST NATURAL ROUND VEGAN LASH<\/p>","product_url":"shopify:\/\/products\/virgo-magnetic-eyelashes"}},"1584962871069":{"type":"text","settings":{"product_title":"LUST","product_size":"15mm","product_first":"shopify:\/\/shop_images\/LUST_2957ccff-dcec-4942-9e0b-bf2f72335d8d.jpg","product_second":"shopify:\/\/shop_images\/luxeeye_001a1f1b-618f-4672-b1b7-205063703104.jpg","product_content":"<p>MEDIUM-DRAMA ROUND MINK LASH<\/p>","product_url":"shopify:\/\/products\/lust-lash-mink-magnetic-eyelashes"}},"1586615817118":{"type":"text","settings":{"product_title":"VIRAL","product_size":"10-15mm","product_first":"shopify:\/\/shop_images\/viral_one.jpg","product_second":"shopify:\/\/shop_images\/viral.png","product_content":"<p>A SEMI WISPY MEDIUM LENGTH ROUND LASH<\/p>","product_url":"https:\/\/glamnetic.com\/products\/viral"}},"1586616785305":{"type":"text","settings":{"product_title":"VACAY","product_size":"9-16mm","product_first":"shopify:\/\/shop_images\/vacay_1.jpg","product_second":"shopify:\/\/shop_images\/vacay_2.jpg","product_content":"<p>A DRAMATIC ROUND LASHWITH ELEGANT CRISS CROSS FIBERS<\/p>","product_url":"https:\/\/glamnetic.com\/products\/vacay"}},"1584962983977":{"type":"text","settings":{"product_title":"LUSH","product_size":"17mm","product_first":"shopify:\/\/shop_images\/LUSH_47f01403-8b02-404c-ae11-65b765f54e1d.jpg","product_second":"shopify:\/\/shop_images\/LUSH_2_9386cbdb-af77-4c5f-846c-9a5f481f71e9.jpg","product_content":"<p>EXTRA DRAMATIC ROUND LASH<\/p>","product_url":"shopify:\/\/products\/lush-lash-magnetic-eyelashes"}}},"block_order":["1584962283890","1584962753677","1584962871069","1586615817118","1586616785305","1584962983977"],"settings":{"title":"<h1>NEED HELP CHOOSING A LASH?<\/h1>\n<h1 style=\"color:#f59cba\">WE GOTCHU BABE!✧<\/h1>\n<br>\n<h3 style=\"color:#f59cba\">CHOOSE BY SHAPE:<\/h3>\n<h3>ROUND LASH: EQUAL LENGTH ALL THE WAY AROUND<\/h3>"}},"1584397672305":{"type":"simple-collection","settings":{"title":"MAGNETIC EYELINERS","center_heading":true,"button_label":"PARABEN-FREE & ALL DAY HOLD","button_link":"shopify:\/\/collections\/magnetic-lashes-liner","collection":"magnetic-lashes-liner","product_count_range":2}},"1584378361063":{"type":"collection-list","blocks":{"1584378361063-0":{"type":"featured_collection","settings":{"collection":"natural-magnetic-eyelashes"}},"1584378361063-1":{"type":"featured_collection","settings":{"collection":"medium-magnetic-eyelashes"}},"1584378361063-2":{"type":"featured_collection","settings":{"collection":"extra"}}},"block_order":["1584378361063-0","1584378361063-1","1584378361063-2"],"settings":{"title":"CHOOSE BY STYLE:","full_width":true,"section_padding":false,"gutter":true,"columns_range":3,"text_placement":"over","color_overlay":"rgba(0,0,0,0)","color_overlay_hover":"rgba(0,0,0,0)","color_overlay_text":"rgba(0,0,0,0)","color_overlay_alpha_range":0,"zoom":true}},"header":{"type":"header","blocks":{"1584990762528":{"type":"select","settings":{"submenuitem":"Shop all","subcatimg":"shopify:\/\/shop_images\/shopall_a33a261a-1f3d-46eb-bf59-6821b80820c1.jpg","catlink":"shopify:\/\/collections\/shop-all"}},"1584990868675":{"type":"select","settings":{"submenuitem":"Best sellers","subcatimg":"shopify:\/\/shop_images\/vibeclose_8dc15256-281a-46b3-b6ac-78611815b5f2.jpg","catlink":"shopify:\/\/collections\/best-sellers"}},"1584990880181":{"type":"select","settings":{"submenuitem":"Curated Lash kits","subcatimg":"shopify:\/\/shop_images\/liveitup_x79_0971f127-cb3a-491f-80df-c420c2166207.png","catlink":"shopify:\/\/collections\/magnetic-eyelash-kit"}},"1584992868264":{"type":"select","settings":{"submenuitem":"Magnetic liner","subcatimg":"shopify:\/\/shop_images\/meg_239beb3d-edd9-49e7-83e4-099ea8961150.png","catlink":"shopify:\/\/collections\/magnetic-lashes-liner"}},"1584992963646":{"type":"select","settings":{"submenuitem":"Mink magnetic lashes","subcatimg":"shopify:\/\/shop_images\/lust_7f8eb9c0-b6a9-48be-992e-120bd66abe45.jpg","catlink":"shopify:\/\/collections\/magnetic-mink-lashes"}},"1584993003592":{"type":"select","settings":{"submenuitem":"Faux mink magnetic lash","subcatimg":"shopify:\/\/shop_images\/faux_1569e34b-e180-4970-bc52-64bc4a07c00d.png","catlink":"shopify:\/\/collections\/faux-mink-magnetic-lash"}},"1584993030002":{"type":"select","settings":{"submenuitem":"Colored Magnetic Lashes","subcatimg":"shopify:\/\/shop_images\/colored_52e40cb4-52f8-438a-876c-d0ca8e8da7b0.png","catlink":"shopify:\/\/collections\/colorful-magnetic-lashes"}},"1584993056877":{"type":"select","settings":{"submenuitem":"Tools","subcatimg":"shopify:\/\/shop_images\/tools_44808adc-b98a-4c2d-b442-945d559ad3c0.png","catlink":"shopify:\/\/collections\/lash-accessories"}}},"block_order":["1584990762528","1584990868675","1584990880181","1584992868264","1584992963646","1584993003592","1584993030002","1584993056877"],"settings":{"header_layout":"horizontal","logo":"shopify:\/\/shop_images\/GLAMNETICsignature.png","logo_max_width":180,"main_linklist":"main-menu","mega_menu":false,"scroll_lock":"header","minimal_padding":"minimal","top_bar_full_width":true,"header_full_width":true}},"1584071195438":{"type":"simple-collection","settings":{"title":"CURATED LASH KITS","center_heading":true,"button_label":"Save Major $$$ When You Bundle","button_link":"shopify:\/\/collections\/magnetic-eyelash-kit","collection":"magnetic-eyelash-kit","product_count_range":4}},"product-recommendations":{"type":"product-recommendations","settings":{"show_product_recommendations":true,"product_recommendations_heading":"You may also like","product_recommendations_limit":"4"}},"cat-eye":{"type":"cat-eye","blocks":{"1584970434718":{"type":"text","settings":{"product_title":"LUCKY","product_size":"12-13mm","product_first":"shopify:\/\/shop_images\/1_4_a5d47c82-4756-4f06-8bc4-aeb30c2a8dbf.jpg","product_second":"shopify:\/\/shop_images\/1_5_964cb3ac-19ad-4543-b198-725a4ea5dc40.jpg","product_content":"<p>A VERY NATURAL<br>SLIGHTLY WINGED<br>SYNTHETIC LASH<\/p>","product_url":"shopify:\/\/products\/lucky-lash-mink-magnetic-eyelashes"}},"1584970575076":{"type":"text","settings":{"product_title":"VERIFIED","product_size":"12-14mm","product_first":"shopify:\/\/shop_images\/2_4_f6624e72-db97-462a-9b27-2464d54ab4df.jpg","product_second":"shopify:\/\/shop_images\/2_5_9c0dcce0-2409-43a2-a28b-f503463b602b.jpg","product_content":"<p>A NATURAL WINGED<br>SYNTHETIC LASH<\/p>","product_url":"shopify:\/\/products\/verified"}},"1584970639499":{"type":"text","settings":{"product_title":"LUXE","product_size":"13-14mm","product_first":"shopify:\/\/shop_images\/3_4_a0b5b696-7386-49c8-b66d-6cefc8eda14c.jpg","product_second":"shopify:\/\/shop_images\/3_5_b12c818c-ca1e-4e9d-a8da-5abbba3574e6.jpg","product_content":"<p>A MEDIUM LENGTH<br>WINGED MINK LASH<\/p>","product_url":"shopify:\/\/products\/luxe-lash-natural-magnetic-eyelashes"}},"1584970704162":{"type":"text","settings":{"product_title":"VIP","product_size":"13-16mm","product_first":"shopify:\/\/shop_images\/4_4_3f5ecfa4-517c-4b73-9333-90fc4164dbb2.jpg","product_second":"shopify:\/\/shop_images\/4_5_6ceffdee-1190-4464-8cd2-4f4a813efe8e.jpg","product_content":"<p>A DRAMATIC SEMI-<br>DRAMATIC WINGED<br>SYNTHETIC LASH<\/p>","product_url":"shopify:\/\/products\/vip"}},"1586617703948":{"type":"text","settings":{"product_title":"VIBE","product_size":"12-18mm","product_first":"shopify:\/\/shop_images\/VIBE1.jpg","product_second":"shopify:\/\/shop_images\/vibe_2.jpg","product_content":"<p>A DRAMATIC LENGTH CATEYE WITH MORE SPARSE FIBERS ON THE INNER CORNER<\/p>","product_url":"https:\/\/glamnetic.com\/products\/vibe"}}},"block_order":["1584970434718","1584970575076","1584970639499","1584970704162","1586617703948"],"settings":{"title":"<h3>CAT EYE:   SHORTER ON THE INSIDE AND LONGER ON OUTSIDE\n<\/h3>"}},"1586914080147":{"type":"featured-text","settings":{"title":"","text":"","content":"<div style=\"padding: 20px 0; width: 100%; background: black;\">\n<h2 style=\"font-family: UniversLT-Condensed;\n    font-weight: bold; color: white; margin: 0;\">SHOP OUR 'GRAM<\/h2>\n<h3 style=\"padding: 0 20px; font-family: UniversLT-Condensed;font-weight:100; color: white; margin: 0;margin-bottom: 5px; \">TAG US @GLAMNETIC #GLAMNETICGIRL FOR A CHANCE TO BE FEATURED!<\/h3>\n\n<\/div>\n<div class=\"covet-pics-gallery\" data-id=\"72070\"><\/div>","alignment":"center"}}},"content_for_index":["1481011869014","1584061117607","1584650942874","1584881687254","1584071195438","1584071706322","1584397672305","1584118662447","1584378361063","1584223534210","1586914080147"]},"presets":{"Coast":{"checkout_body_font":"PT Serif","social_youtube_link":"","site_header_nav_text_color":"#000000","primary_accent_color":"#00b5ff","supported_currencies":"USD CAD GBP EUR JPY","email_offer_form_action":"","typography_headings_font":"ff_tisa_n7","cart_icon":"bag","checkout_header_image":"","social_instagram_link":"","social_share_googleplus_enabled":false,"checkout_body_background_color":"#fff","primary_title_color":"#000000","checkout_sidebar_background_image":"","social_linkedin_link":"","ajax_cart_enable":true,"social_spotify_link":"","checkout_accent_color":"#00b5ff","sections":{"1482145227743":{"settings":{"align_text":"center","show_excerpts":true,"show_image_first":true,"button_label":"View the blog","post_limit":"3","blog":"","show_dates":true,"show_read_more":false},"type":"featured-blog"},"list-collections-template":{"settings":{"layout":"preview","title":"All collections"},"blocks":{"1484256561216":{"settings":{"collection":""},"type":"collection"},"1484256559451":{"settings":{"collection":""},"type":"collection"},"1484256562272":{"settings":{"collection":""},"type":"collection"}},"type":"list-collections-template","block_order":["1484256559451","1484256561216","1484256562272"]},"collection-list-template":{"settings":{"layout_enable":true,"image_placement":"default","sort_enable":true},"blocks":{"1482292071355":{"settings":{"tag_style":"buttons","title":"Shop by","tag_grouping":false},"type":"tags"},"1482292067654":{"settings":{"linklist":"main-menu"},"type":"menu"}},"type":"collection-list-template","block_order":["1482292067654","1482292071355"]},"search-template":{"settings":{"search_layout":"grid","extra_featured_products":""},"type":"search-template"},"footer":{"settings":{},"blocks":{"1477520939001":{"settings":{"title":"Newsletter"},"type":"newsletter"},"1477519493091":{"settings":{"text":"Browse our popular products","title":"Featured collections","footer_linklist":"main-menu"},"type":"menu"},"1477519548048":{"settings":{"text":"Get answers to your questions","title":"Customer care","footer_linklist":"footer"},"type":"menu"},"1477603756570":{"settings":{"address":"","phone":"1.877.555.9300","contact_text":"Contact Us","show_contact":true,"title":"Get in touch","show_social":true,"contact_link":"shopify:\/\/pages\/contact-us"},"type":"contact"}},"type":"footer","block_order":["1477520939001","1477519493091","1477519548048","1477603756570"]},"1482079506908":{"settings":{"product_count_range":8,"button_link":"shopify:\/\/collections\/all","button_label":"View more","collection":"","center_heading":true},"type":"simple-collection"},"1581665586907":{"settings":{"full_width":true,"images_per_row":6,"show_button":true,"link":"","images_per_row_mobile":2,"image_ratio":"100%","button_label":"Follow Us","title":"Shop The Look"},"blocks":{"1581665586907-5":{"settings":{"image":"","link":"","text":"","enable_overlay":false,"title":"","product_2":"","product_1":""},"type":"image"},"1581665586907-4":{"settings":{"image":"","link":"","text":"","enable_overlay":false,"title":"","product_2":"","product_1":""},"type":"image"},"1581665586907-1":{"settings":{"image":"","link":"","text":"","enable_overlay":false,"title":"","product_2":"","product_1":""},"type":"image"},"1581665586907-0":{"settings":{"image":"","link":"","text":"","enable_overlay":false,"title":"","product_2":"","product_1":""},"type":"image"},"1581665586907-3":{"settings":{"image":"","link":"","text":"","enable_overlay":false,"title":"","product_2":"","product_1":""},"type":"image"},"1581665586907-2":{"settings":{"image":"","link":"","text":"","enable_overlay":false,"title":"","product_2":"","product_1":""},"type":"image"}},"type":"shop-the-look","block_order":["1581665586907-0","1581665586907-1","1581665586907-2","1581665586907-3","1581665586907-4","1581665586907-5"]},"collection-template":{"settings":{"layout_enable":true,"image_placement":"above-full","sort_enable":true},"type":"collection-template"},"password-template":{"settings":{"show_social_share":true,"background_image":"","color_background":"#ffffff","logo_max_width":280,"color_text":"#4f4f4f","color_accent":"#00b5ff","logo":"","social_share_title":"Share the news","title":"Coming Soon","color_title":"#000000","show_newsletter":true},"type":"password-template"},"1481011869014":{"settings":{"show_arrows":false,"full_width":true,"autoplay_speed_range":4,"show_dots":true,"autoplay":true},"blocks":{"1481011869014-2":{"settings":{"image":"","color_overlay_alpha_range":0,"color_text":"#000000","color_accent":"#00aeff","color_overlay":"#ffffff","link":"","vertical_alignment":"align-center","horizontal_alignment":"justify-center","button_link":"shopify:\/\/collections\/all","text":"<p>Add brief details about this slide.<\/p>","button_label":"See more","title":"Slide"},"type":"image"},"1481011869014-1":{"settings":{"image":"","color_overlay_alpha_range":0,"color_text":"#000000","color_accent":"#00aeff","color_overlay":"#ffffff","link":"","vertical_alignment":"align-center","horizontal_alignment":"justify-center","button_link":"shopify:\/\/collections\/all","text":"<p>Add brief details about this slide.<\/p>","button_label":"See more","title":"Slide"},"type":"image"},"1481011869014-0":{"settings":{"image":"","color_overlay_alpha_range":0,"color_text":"#000000","color_accent":"#00aeff","color_overlay":"#ffffff","link":"","vertical_alignment":"align-center","horizontal_alignment":"justify-center","button_link":"shopify:\/\/collections\/all","text":"<p>Add brief details about this slide.<\/p>","button_label":"See more","title":"Slide"},"type":"image"}},"type":"slideshow","block_order":["1481011869014-0","1481011869014-1","1481011869014-2"]},"article-template":{"settings":{"show_title":true,"center_title":true,"show_date":true,"show_image_first":"before","show_author":true},"blocks":{"1481845836398":{"settings":{"article_count_range":3,"show_date":true,"title":"Recent posts"},"type":"recent_posts"},"1482309359503":{"settings":{"linklist":"main-menu"},"type":"menu"},"1481845849086":{"settings":{"title":"RSS feed"},"type":"rss"},"1482309354407":{"settings":{"image":"","link":""},"type":"image"},"1481845845733":{"settings":{"title":"Blog categories"},"type":"tags"}},"type":"article-template","block_order":["1482309354407","1481845836398","1482309359503","1481845845733","1481845849086"]},"product-template":{"settings":{"show_product_jump":false,"variant_style":"buttons","size_guide_page":"","variant_swatch_images":false,"show_vendors":true,"show_dots":false,"enable_image_slider":true,"enable_thumb_slider":true,"show_arrows":false,"product_quantity_enable":true,"thumbnails_placement":"side--left","show_share_buttons":true,"product_featured_zoom_enable":true,"product_featured_lightbox_enable":true,"trust_badge":"","show_payment_button":true,"product_box_padding":false,"variant_swatch_shape":"circle"},"type":"product-template"},"1481011878590":{"settings":{"gutter":true,"full_width":false,"color_overlay_text":"#FFFFFF","images_per_row_range":2,"text_placement":"over","color_overlay_alpha_range":60,"color_overlay":"#222f3e","zoom":true,"title":"","section_padding":true,"color_overlay_hover":"#00aeff"},"blocks":{"1481011878590-3":{"settings":{"image":"","link":"","title":"Image title"},"type":"image"},"1481011878590-4":{"settings":{"image":"","link":"","title":"Image title"},"type":"image"}},"type":"gallery","block_order":["1481011878590-3","1481011878590-4"]},"blog-template":{"settings":{"show_title":true,"center_title":true,"show_date":true,"show_tags":true,"show_comments":true,"show_image_first":"before","show_author":true,"blog_layout":"featured-columns"},"blocks":{"1482309304883":{"settings":{"image":"","link":""},"type":"image"},"1482309324470":{"settings":{"linklist":"main-menu"},"type":"menu"},"1481793110411":{"settings":{"article_count_range":3,"show_date":true,"title":"Recent posts"},"type":"recent_posts"},"1481793121738":{"settings":{"title":"RSS Feed"},"type":"rss"},"1481793118498":{"settings":{"title":"Blog categories"},"type":"tags"}},"type":"blog-template","block_order":["1482309304883","1481793110411","1482309324470","1481793118498","1481793121738"]},"header":{"settings":{"minimal_padding":"normal","header_layout":"horizontal","scroll_lock":"util","top_bar_full_width":true,"logo_max_width":280,"logo":"","header_full_width":true,"main_linklist":"main-menu"},"type":"header"},"cart-template":{"settings":{"variant_rollover":true,"show_vendors":true,"extra_featured_products":"","show_notes":true},"type":"cart-template"},"promos":{"settings":{"scroll_lock":false},"blocks":{"1482143996282":{"settings":{"color_background":"#00b5ff","show_for":"both","bar_size":"large","color_text":"#FFFFFF","bar_placement":"top","link":"","title":"Promote free shipping, an upcoming sale, or an announcement."},"type":"announcement-bar"},"1482144691692":{"settings":{"image":"","newsletter":true,"visitor_limit":true,"color_background":"#222f3e","show_for":"desktop","color_text":"#ffffff","color_accent":"#e9f9ff","title":"Promotional popup","homepage_limit":false},"type":"popup"}},"type":"promos","block_order":["1482143996282","1482144691692"]}},"footer_background_color":"#222f3e","content_for_index":["1481011869014","1481011878590","1482079506908","1581665586907","1482145227743"],"site_header_accent_color":"#00aeff","primary_dropshadow":false,"checkout_logo_position":"left","checkout_logo_size":"medium","typography_navigation_font":"ff_tisa_sans_n5","content_box_background_color":"#ffffff","checkout_button_color":"#00b5ff","typography_headings_capitalize":"false","social_twitter_link":"","checkout_logo_image":"","social_share_pinterest_enabled":true,"collections_product_columns":"2","checkout_sidebar_background_color":"#00b5ff","typography_header_base_size_modify":"1","show_vendors":false,"checkout_input_background_color_mode":"white","newsletter_type":"shopify","currency_format":"money_with_currency_format","social_pinterest_link":"","typography_headings_bold":"false","checkout_error_color":"#ff6d6d","social_medium_link":"","social_tumblr_link":"","typography_base_size_modify":"1","site_header_title_text_color":"#000000","checkout_heading_font":"PT Serif","homepage_show_borders":false,"footer_title_accent_color":"#ffffff","site_border_color":"#222f3e","social_share_twitter_enabled":true,"favicon":"","variant_rollover":true,"social_googleplus_link":"","footer_title_text_color":"#e9f9ff","social_facebook_link":"","checkout_body_background_image":"","social_share_facebook_enabled":true,"social_snapchat_link":"","social_share_fancy_enabled":false,"primary_text_color":"#4f4f4f","show_multiple_currencies":true,"social_amazon_link":"","site_border_text_color":"#e9f9ff","primary_background_color":"#ffffff","site_header_background_color":"#ffffff","typography_body_font":"ff_tisa_n4","default_currency":"USD"},"Energy":{"checkout_body_font":"Helvetica Neue","social_youtube_link":"","site_header_nav_text_color":"#d6d4da","primary_accent_color":"#442778","supported_currencies":"USD CAD GBP EUR JPY","email_offer_form_action":"","typography_headings_font":"lato_n7","cart_icon":"basket","checkout_header_image":"","social_instagram_link":"","social_share_googleplus_enabled":false,"checkout_body_background_color":"#ffffff","primary_title_color":"#3b3a3d","checkout_sidebar_background_image":"","social_linkedin_link":"","ajax_cart_enable":true,"social_spotify_link":"","checkout_accent_color":"#442778","sections":{"1482294971465":{"settings":{"gutter":false,"full_width":true,"color_overlay_text":"#FFFFFF","text_placement":"over","color_overlay_alpha_range":50,"color_overlay":"#1c1031","zoom":true,"columns_range":3,"title":"","section_padding":false,"color_overlay_hover":"#442778"},"blocks":{"1482294971465-0":{"settings":{"collection":""},"type":"featured_collection"},"1482294971465-1":{"settings":{"collection":""},"type":"featured_collection"},"1482294971465-2":{"settings":{"collection":""},"type":"featured_collection"}},"type":"collection-list","block_order":["1482294971465-0","1482294971465-1","1482294971465-2"]},"list-collections-template":{"settings":{"layout":"grid","title":"All collections"},"blocks":{"1484256561216":{"settings":{"collection":""},"type":"collection"},"1484256559451":{"settings":{"collection":""},"type":"collection"},"1484256562272":{"settings":{"collection":""},"type":"collection"}},"type":"list-collections-template","block_order":["1484256559451","1484256561216","1484256562272"]},"collection-list-template":{"settings":{"layout_enable":true,"image_placement":"default","sort_enable":true},"blocks":{"1482292071355":{"settings":{"tag_style":"buttons","title":"Shop by","tag_grouping":false},"type":"tags"},"1482292067654":{"settings":{"linklist":"main-menu"},"type":"menu"}},"type":"collection-list-template","block_order":["1482292067654","1482292071355"]},"search-template":{"settings":{"search_layout":"grid","extra_featured_products":""},"type":"search-template"},"footer":{"settings":{},"blocks":{"1477520939001":{"settings":{"title":"Newsletter"},"type":"newsletter"},"1477519548048":{"settings":{"text":"Get answers to your questions","title":"Customer care","footer_linklist":"footer"},"type":"menu"},"1477519493091":{"settings":{"text":"Browse our popular products","title":"Featured collections","footer_linklist":"main-menu"},"type":"menu"},"1477603756570":{"settings":{"address":"","phone":"1.877.555.9300","contact_text":"Contact Us","show_contact":true,"title":"Get in touch","show_social":true,"contact_link":"shopify:\/\/pages\/contact-us"},"type":"contact"}},"type":"footer","block_order":["1477603756570","1477519548048","1477519493091","1477520939001"]},"1482079423671":{"settings":{"product_count_range":4,"button_link":"shopify:\/\/collections\/all","text":"Use this text to provide customer with details about the collection","button_label":"View More","collection":""},"type":"featured-collection"},"1482079506908":{"settings":{"product_count_range":12,"button_link":"shopify:\/\/collections\/all","button_label":"View More","collection":"","center_heading":false},"type":"simple-collection"},"1484606083473":{"settings":{"image":"","full_width":true,"hero_size":"x-small","color_overlay_text":"#FFFFFF","color_overlay_alpha_range":100,"color_overlay":"#442778","button_link":"","button_label":"","alignment":"center","title":""},"type":"hero"},"1581665586907":{"settings":{"full_width":true,"images_per_row":6,"show_button":true,"link":"","images_per_row_mobile":2,"image_ratio":"100%","button_label":"Follow Us","title":"Shop The Look"},"blocks":{"1581665586907-5":{"settings":{"image":"","link":"","text":"","enable_overlay":false,"title":"","product_2":"","product_1":""},"type":"image"},"1581665586907-4":{"settings":{"image":"","link":"","text":"","enable_overlay":false,"title":"","product_2":"","product_1":""},"type":"image"},"1581665586907-1":{"settings":{"image":"","link":"","text":"","enable_overlay":false,"title":"","product_2":"","product_1":""},"type":"image"},"1581665586907-0":{"settings":{"image":"","link":"","text":"","enable_overlay":false,"title":"","product_2":"","product_1":""},"type":"image"},"1581665586907-3":{"settings":{"image":"","link":"","text":"","enable_overlay":false,"title":"","product_2":"","product_1":""},"type":"image"},"1581665586907-2":{"settings":{"image":"","link":"","text":"","enable_overlay":false,"title":"","product_2":"","product_1":""},"type":"image"}},"type":"shop-the-look","block_order":["1581665586907-0","1581665586907-1","1581665586907-2","1581665586907-3","1581665586907-4","1581665586907-5"]},"collection-template":{"settings":{"layout_enable":true,"image_placement":"default","sort_enable":true},"blocks":{"1481677984912":{"settings":{"tag_style":"buttons","title":"Filter products","tag_grouping":true},"type":"tags"},"1481677963388":{"settings":{"linklist":"main-menu"},"type":"menu"}},"type":"collection-template","block_order":["1481677963388","1481677984912"]},"password-template":{"settings":{"show_social_share":true,"background_image":"","color_background":"#fafafa","logo_max_width":280,"color_text":"#3b3a3d","color_accent":"#442778","logo":"","social_share_title":"Share the news","title":"Coming Soon","color_title":"#3b3a3d","show_newsletter":true},"type":"password-template"},"1481011869014":{"settings":{"show_arrows":false,"full_width":true,"autoplay_speed_range":5,"show_dots":false,"autoplay":false},"blocks":{"1481011869014-1":{"settings":{"image":"","color_overlay_alpha_range":70,"color_text":"#ffffff","color_accent":"#7c51cd","color_overlay":"#000000","link":"","vertical_alignment":"align-center","horizontal_alignment":"justify-center","button_link":"","text":"<p>Add brief details about this slide.<\/p>","button_label":"See more","title":"Slide"},"type":"image"},"1483214154738":{"settings":{"image":"","color_overlay_alpha_range":70,"color_accent":"#7c51cd","link":"","vertical_alignment":"align-center","horizontal_alignment":"justify-center","title":"Slide","video_url":"https:\/\/www.youtube.com\/watch?v=_9VUPq3SxOc","color_text":"#ffffff","color_overlay":"#000000","button_link":"","text":"<p>Add brief details about this slide.<\/p>","button_label":""},"type":"video"},"1481011869014-0":{"settings":{"image":"","color_overlay_alpha_range":70,"color_text":"#ffffff","color_accent":"#7c51cd","color_overlay":"#000000","link":"","vertical_alignment":"align-center","horizontal_alignment":"justify-center","button_link":"","text":"<p>Add brief details about this slide.<\/p>","button_label":"See more","title":"Slide"},"type":"image"}},"type":"slideshow","block_order":["1483214154738","1481011869014-0","1481011869014-1"]},"article-template":{"settings":{"show_title":true,"center_title":true,"show_date":true,"show_image_first":"after","show_author":true},"blocks":{"1481845836398":{"settings":{"article_count_range":3,"show_date":true,"title":"Recent posts"},"type":"recent_posts"},"1481845849086":{"settings":{"title":"RSS feed"},"type":"rss"},"1481845845733":{"settings":{"title":"Blog categories"},"type":"tags"}},"type":"article-template","block_order":["1481845836398","1481845845733","1481845849086"]},"product-template":{"settings":{"show_product_jump":false,"variant_style":"buttons","size_guide_page":"","variant_swatch_images":false,"show_vendors":true,"show_dots":false,"enable_image_slider":true,"enable_thumb_slider":true,"show_arrows":false,"product_quantity_enable":false,"thumbnails_placement":"side","show_share_buttons":true,"product_featured_zoom_enable":true,"product_featured_lightbox_enable":true,"trust_badge":"","show_payment_button":true,"product_box_padding":false,"variant_swatch_shape":"circle"},"type":"product-template"},"blog-template":{"settings":{"show_title":true,"center_title":true,"show_date":true,"show_tags":true,"show_comments":true,"show_image_first":"after","show_author":true,"blog_layout":"featured-columns"},"blocks":{"1481793110411":{"settings":{"article_count_range":3,"show_date":true,"title":"Recent posts"},"type":"recent_posts"},"1481793121738":{"settings":{"title":"RSS feed"},"type":"rss"},"1481793118498":{"settings":{"title":"Blog categories"},"type":"tags"}},"type":"blog-template","block_order":["1481793110411","1481793118498","1481793121738"]},"header":{"settings":{"minimal_padding":"minimal","header_layout":"horizontal","scroll_lock":"header","top_bar_full_width":true,"logo_max_width":280,"logo":"","header_full_width":true,"main_linklist":"main-menu"},"type":"header"},"cart-template":{"settings":{"variant_rollover":true,"show_vendors":true,"extra_featured_products":"","show_notes":true},"type":"cart-template"},"promos":{"settings":{"scroll_lock":false},"blocks":{"1482143996282":{"settings":{"color_background":"#482e78","show_for":"both","bar_size":"large","color_text":"#FFFFFF","bar_placement":"top","link":"","title":"Promote free shipping, an upcoming sale, or an announcement."},"type":"announcement-bar"},"1482144691692":{"settings":{"image":"","newsletter":true,"visitor_limit":true,"color_background":"#1b1b1b","show_for":"desktop","color_text":"#d6d4da","color_accent":"#ffffff","title":"Promotional popup","homepage_limit":false},"type":"popup"},"1482294551040":{"settings":{"newsletter":true,"visitor_limit":true,"color_background":"#482e78","show_for":"mobile","bar_size":"default","color_text":"#FFFFFF","color_accent":"#ffffff","bar_placement":"bottom","homepage_limit":false},"type":"signup-bar"}},"type":"promos","block_order":["1482143996282","1482144691692","1482294551040"]}},"footer_background_color":"#1b1b1b","content_for_index":["1481011869014","1482294971465","1482079423671","1482079506908","1581665586907","1484606083473"],"site_header_accent_color":"#ffffff","primary_dropshadow":false,"checkout_logo_position":"left","checkout_logo_size":"medium","typography_navigation_font":"lato_n4","content_box_background_color":"#ffffff","checkout_button_color":"#442778","typography_headings_capitalize":"false","social_twitter_link":"","checkout_logo_image":"","social_share_pinterest_enabled":true,"collections_product_columns":"2","checkout_sidebar_background_color":"#fafafa","typography_header_base_size_modify":"1","show_vendors":false,"checkout_input_background_color_mode":"white","newsletter_type":"shopify","currency_format":"money_with_currency_format","social_pinterest_link":"","typography_headings_bold":"false","checkout_error_color":"#ff6d6d","social_medium_link":"","social_tumblr_link":"","typography_base_size_modify":"1","site_header_title_text_color":"#ffffff","checkout_heading_font":"Helvetica Neue","homepage_show_borders":false,"footer_title_accent_color":"#ffffff","site_border_color":"#65636a","social_share_twitter_enabled":true,"favicon":"","variant_rollover":true,"social_googleplus_link":"","footer_title_text_color":"#d6d4da","social_facebook_link":"","checkout_body_background_image":"","social_share_facebook_enabled":true,"social_snapchat_link":"","social_share_fancy_enabled":false,"primary_text_color":"#3b3a3d","show_multiple_currencies":true,"social_amazon_link":"","site_border_text_color":"#ffffff","primary_background_color":"#fafafa","site_header_background_color":"#1b1b1b","typography_body_font":"lato_n4","default_currency":"USD"},"District":{"checkout_body_font":"Open Sans","social_youtube_link":"","site_header_nav_text_color":"#000000","primary_accent_color":"#209a9a","supported_currencies":"USD CAD GBP EUR JPY","email_offer_form_action":"","typography_headings_font":"archivo_narrow_n4","cart_icon":"cart","checkout_header_image":"","social_instagram_link":"","social_share_googleplus_enabled":false,"show_breadcrumbs":"desktop","checkout_body_background_color":"#fff","primary_title_color":"#000000","checkout_sidebar_background_image":"","social_linkedin_link":"","ajax_cart_enable":true,"social_spotify_link":"","checkout_accent_color":"#008080","sections":{"1482145227743":{"settings":{"align_text":"center","show_excerpts":true,"show_image_first":true,"button_label":"View the blog","post_limit":"3","title":"Latest updates","blog":"","show_dates":true,"show_read_more":true},"type":"featured-blog"},"list-collections-template":{"settings":{"layout":"grid","title":"All collections"},"blocks":{"1484256561216":{"settings":{"collection":""},"type":"collection"},"1484256559451":{"settings":{"collection":""},"type":"collection"},"1484256562272":{"settings":{"collection":""},"type":"collection"}},"type":"list-collections-template","block_order":["1484256559451","1484256561216","1484256562272"]},"collection-list-template":{"settings":{"layout_enable":true,"image_placement":"default","sort_enable":true},"blocks":{"1482292071355":{"settings":{"tag_style":"buttons","title":"Shop by","tag_grouping":false},"type":"tags"},"1482292067654":{"settings":{"linklist":"main-menu"},"type":"menu"}},"type":"collection-list-template","block_order":["1482292067654","1482292071355"]},"search-template":{"settings":{"search_layout":"grid","extra_featured_products":""},"type":"search-template"},"footer":{"settings":{},"blocks":{"1477520939001":{"settings":{"title":"Newsletter"},"type":"newsletter"},"1477519548048":{"settings":{"text":"Get answers to your questions","title":"Customer care","footer_linklist":"footer"},"type":"menu"},"1477519493091":{"settings":{"text":"Browse our popular products","title":"Featured collections","footer_linklist":"main-menu"},"type":"menu"},"1477603756570":{"settings":{"address":"","phone":"1.877.555.9300","contact_text":"Contact Us","show_contact":true,"title":"Get in touch","show_social":true,"contact_link":"shopify:\/\/pages\/contact-us"},"type":"contact"}},"type":"footer","block_order":["1477520939001","1477519548048","1477519493091","1477603756570"]},"1482145252346":{"settings":{"title":"Custom content","alignment":"center"},"blocks":{"1482145286795":{"settings":{"full_width":false,"video_url":"https:\/\/www.youtube.com\/watch?v=_9VUPq3SxOc"},"type":"video"},"1482145252346-0":{"settings":{"image":"","full_width":false,"link":""},"type":"image"},"1482145252346-1":{"settings":{"text":"<p>Use this text to share information about your brand with your customers. Describe a product, share announcements, or welcome customers to your store.<\/p>","title":""},"type":"richtext"}},"type":"custom-content","block_order":["1482145286795","1482145252346-0","1482145252346-1"]},"1482079423671":{"settings":{"product_count_range":6,"button_link":"shopify:\/\/collections\/all","text":"Use this text to provide customer with details about the collection","button_label":"View More","collection":""},"type":"featured-collection"},"1482145142348":{"settings":{"button_link":"shopify:\/\/collections\/all","button_label":"Browse the look","title":""},"blocks":{"1482145142348-1":{"settings":{"image":"","full_width":true,"link":""},"type":"image"},"1482145142348-0":{"settings":{"image":"","link":""},"type":"icon_image"}},"type":"lookbook-preview","block_order":["1482145142348-0","1482145142348-1"]},"1482079506908":{"settings":{"product_count_range":4,"button_link":"shopify:\/\/collections\/all","button_label":"View More","collection":"","center_heading":false},"type":"simple-collection"},"1581665586907":{"settings":{"full_width":true,"images_per_row":6,"show_button":true,"link":"","images_per_row_mobile":2,"image_ratio":"100%","button_label":"Follow Us","title":"Shop The Look"},"blocks":{"1581665586907-5":{"settings":{"image":"","link":"","text":"","enable_overlay":false,"title":"","product_2":"","product_1":""},"type":"image"},"1581665586907-4":{"settings":{"image":"","link":"","text":"","enable_overlay":false,"title":"","product_2":"","product_1":""},"type":"image"},"1581665586907-1":{"settings":{"image":"","link":"","text":"","enable_overlay":false,"title":"","product_2":"","product_1":""},"type":"image"},"1581665586907-0":{"settings":{"image":"","link":"","text":"","enable_overlay":false,"title":"","product_2":"","product_1":""},"type":"image"},"1581665586907-3":{"settings":{"image":"","link":"","text":"","enable_overlay":false,"title":"","product_2":"","product_1":""},"type":"image"},"1581665586907-2":{"settings":{"image":"","link":"","text":"","enable_overlay":false,"title":"","product_2":"","product_1":""},"type":"image"}},"type":"shop-the-look","block_order":["1581665586907-0","1581665586907-1","1581665586907-2","1581665586907-3","1581665586907-4","1581665586907-5"]},"collection-template":{"settings":{"layout_enable":true,"image_placement":"default","sort_enable":true},"blocks":{"1481677984912":{"settings":{"tag_style":"buttons","title":"Filter products","tag_grouping":true},"type":"tags"},"1481677963388":{"settings":{"linklist":"main-menu"},"type":"menu"}},"type":"collection-template","block_order":["1481677963388","1481677984912"]},"1481011869014":{"settings":{"show_arrows":false,"full_width":true,"autoplay_speed_range":4,"show_dots":true,"autoplay":true},"blocks":{"1481011869014-2":{"settings":{"image":"","color_overlay_alpha_range":0,"color_text":"#000000","color_accent":"#008080","color_overlay":"#ffffff","link":"","vertical_alignment":"align-center","horizontal_alignment":"justify-center","button_link":"shopify:\/\/collections\/all","text":"<p>Add brief details about this slide.<\/p>","button_label":"See more","title":"Slide"},"type":"image"},"1481011869014-1":{"settings":{"image":"","color_overlay_alpha_range":0,"color_text":"#000000","color_accent":"#008080","color_overlay":"#ffffff","link":"","vertical_alignment":"align-center","horizontal_alignment":"justify-center","button_link":"shopify:\/\/collections\/all","text":"<p>Add brief details about this slide.<\/p>","button_label":"See more","title":"Slide"},"type":"image"},"1481011869014-0":{"settings":{"image":"","color_overlay_alpha_range":0,"color_text":"#000000","color_accent":"#008080","color_overlay":"#ffffff","link":"","vertical_alignment":"align-center","horizontal_alignment":"justify-center","button_link":"shopify:\/\/collections\/all","text":"<p>Add brief details about this slide.<\/p>","button_label":"See more","title":"Slide"},"type":"image"}},"type":"slideshow","block_order":["1481011869014-0","1481011869014-1","1481011869014-2"]},"article-template":{"settings":{"show_title":true,"center_title":true,"show_date":true,"show_image_first":"after","show_author":true},"blocks":{"1481845836398":{"settings":{"article_count_range":3,"show_date":true,"title":"Recent posts"},"type":"recent_posts"},"1481845849086":{"settings":{"title":"RSS feed"},"type":"rss"},"1481845845733":{"settings":{"title":"Blog categories"},"type":"tags"}},"type":"article-template","block_order":["1481845836398","1481845845733","1481845849086"]},"product-template":{"settings":{"show_product_jump":false,"variant_style":"buttons","size_guide_page":"","variant_swatch_images":false,"show_vendors":false,"show_dots":true,"enable_image_slider":true,"enable_thumb_slider":true,"show_arrows":true,"product_quantity_enable":true,"thumbnails_placement":"below","show_share_buttons":true,"product_featured_zoom_enable":true,"product_featured_lightbox_enable":true,"trust_badge":"","show_payment_button":true,"product_box_padding":true,"variant_swatch_shape":"circle"},"type":"product-template"},"1481011878590":{"settings":{"gutter":true,"full_width":false,"color_overlay_text":"#FFFFFF","images_per_row_range":3,"text_placement":"below","color_overlay_alpha_range":0,"color_overlay":"#000000","zoom":true,"title":"Featured grid","section_padding":true,"color_overlay_hover":"#008080"},"blocks":{"1481011878590-3":{"settings":{"image":"","link":"","title":"Image title"},"type":"image"},"1481011878590-2":{"settings":{"image":"","link":"","title":"Image title"},"type":"image"},"1481011878590-4":{"settings":{"image":"","link":"","title":"Image title"},"type":"image"},"1481011878590-1":{"settings":{"image":"","link":"","title":"Image title"},"type":"image"},"1481011878590-0":{"settings":{"image":"","link":"","title":"Image title"},"type":"image"}},"type":"gallery","block_order":["1481011878590-0","1481011878590-1","1481011878590-2","1481011878590-3","1481011878590-4"]},"blog-template":{"settings":{"show_title":true,"center_title":true,"show_date":true,"show_tags":true,"show_comments":true,"show_image_first":"after","show_author":true,"blog_layout":"column"},"blocks":{"1481793110411":{"settings":{"article_count_range":3,"show_date":true,"title":"Recent posts"},"type":"recent_posts"},"1481793121738":{"settings":{"title":"RSS feed"},"type":"rss"},"1481793118498":{"settings":{"title":"Blog categories"},"type":"tags"}},"type":"blog-template","block_order":["1481793110411","1481793118498","1481793121738"]},"header":{"settings":{"minimal_padding":"normal","header_layout":"vertical","scroll_lock":"util","top_bar_full_width":true,"logo_max_width":280,"logo":"","header_full_width":false,"main_linklist":"main-menu"},"type":"header"},"cart-template":{"settings":{"variant_rollover":true,"show_vendors":true,"extra_featured_products":"","show_notes":true},"type":"cart-template"},"promos":{"settings":{"scroll_lock":false},"blocks":{"1482143996282":{"settings":{"color_background":"#008080","show_for":"both","bar_size":"default","color_text":"#FFFFFF","bar_placement":"top","link":"","title":"Promote free shipping, an upcoming sale, or an announcement."},"type":"announcement-bar"},"1482144691692":{"settings":{"image":"","newsletter":true,"visitor_limit":true,"color_background":"#FFFFFF","show_for":"both","color_text":"#4f4f4f","color_accent":"#008080","title":"Promotional popup","homepage_limit":false},"type":"popup"}},"type":"promos","block_order":["1482143996282","1482144691692"]}},"footer_background_color":"#e9e9e9","content_for_index":["1481011869014","1481011878590","1482145142348","1482079423671","1482079506908","1581665586907","1482145227743","1482145252346"],"site_header_accent_color":"#209a9a","primary_dropshadow":false,"checkout_logo_position":"left","checkout_logo_size":"medium","typography_navigation_font":"ibm_plex_sans_n4","content_box_background_color":"#f3f3f3","checkout_button_color":"#008080","typography_headings_capitalize":false,"social_twitter_link":"","checkout_logo_image":"","social_share_pinterest_enabled":true,"collections_product_columns":"2","checkout_sidebar_background_color":"#fafafa","typography_header_base_size_modify":"1","show_vendors":false,"checkout_input_background_color_mode":"white","newsletter_type":"shopify","currency_format":"money_with_currency_format","social_pinterest_link":"","typography_headings_bold":false,"checkout_error_color":"#ff6d6d","social_medium_link":"","social_tumblr_link":"","typography_base_size_modify":"1","site_header_title_text_color":"#000000","collection_product_auto_crop":false,"checkout_heading_font":"Open Sans","homepage_show_borders":true,"footer_title_accent_color":"#565656","site_border_color":"#e9e9e9","social_share_twitter_enabled":true,"favicon":"","variant_rollover":true,"social_googleplus_link":"","footer_title_text_color":"#606060","social_facebook_link":"","checkout_body_background_image":"","social_share_facebook_enabled":true,"social_snapchat_link":"","social_share_fancy_enabled":false,"primary_text_color":"#4f4f4f","collections_product_ratio":"100%","show_multiple_currencies":true,"social_amazon_link":"","site_border_text_color":"#505050","primary_background_color":"#ffffff","site_header_background_color":"#ffffff","typography_body_font":"ibm_plex_sans_n4","default_currency":"USD"}}}